<?xml version="1.0" encoding="UTF-8"?>
<log4net>
  <appender name="IToolStepLogFile" type="log4net.Appender.RollingFileAppender">
    <param name="File" type="log4net.Util.PatternString" value="iToolTrace%property{JobID}-" />
    <param name="Encoding" value="UTF-8" />
    <param name="AppendToFile" value="true" />
    <param name="MaxSizeRollBackups" value="100" />
    <param name="MaximumFileSize" value="20MB" />
    <param name="StaticLogFileName" value="false" />
    <param name="DatePattern" value="yyyyMMddHHmmss'.log.s'" />
    <param name="RollingStyle" value="Composite" />
    <param name="lockingModel" type="log4net.Appender.FileAppender+MinimalLock" />
    <layout type="log4net.Layout.PatternLayout">
      <param name="ConversionPattern" value="%d iToolLog - %m%n" />
    </layout>
  </appender>
  <appender name="IToolMethodLogFile" type="log4net.Appender.RollingFileAppender">
    <param name="File" type="log4net.Util.PatternString" value="iToolTrace%property{JobID}-" />
    <param name="Encoding" value="UTF-8" />
    <param name="AppendToFile" value="true" />
    <param name="MaxSizeRollBackups" value="100" />
    <param name="MaximumFileSize" value="10MB" />
    <param name="StaticLogFileName" value="false" />
    <param name="DatePattern" value="yyyyMMddHHmmss'.log'" />
    <param name="RollingStyle" value="Composite" />
    <param name="lockingModel" type="log4net.Appender.FileAppender+MinimalLock" />
    <layout type="log4net.Layout.PatternLayout">
      <param name="ConversionPattern" value="%d iToolLog - %m%n" />
    </layout>
  </appender>
  <appender name="IToolVarLogFile" type="log4net.Appender.RollingFileAppender">
    <param name="File" type="log4net.Util.PatternString" value="iToolTrace%property{JobID}-" />
    <param name="Encoding" value="UTF-8" />
    <param name="AppendToFile" value="true" />
    <param name="MaxSizeRollBackups" value="100" />
    <param name="MaximumFileSize" value="30MB" />
    <param name="StaticLogFileName" value="false" />
    <param name="DatePattern" value="yyyyMMddHHmmss'.var'" />
    <param name="RollingStyle" value="Composite" />
    <param name="lockingModel" type="log4net.Appender.FileAppender+MinimalLock" />
    <layout type="log4net.Layout.PatternLayout">
      <param name="ConversionPattern" value="%d iToolLog - %m%n" />
    </layout>
  </appender>

    <logger name="ITool.Log4Net.StepLogOutput" additivity="false">
      <level value="INFO"/>
      <appender-ref ref="IToolStepLogFile" />
    </logger>


    <logger name="ITool.Log4Net.MethodLogOutput" additivity="false">
      <level value="INFO" />
      <appender-ref ref="IToolMethodLogFile" />
    </logger>


    <logger name="ITool.Log4Net.VarLogOutput" additivity="false">
      <level value="INFO" />
      <appender-ref ref="IToolVarLogFile" />
    </logger>


</log4net>
